location,count
EllicottCity,14
Maryland,567
Baltimore,44
Ellicott City,141
Ellicott,49
Arlington,5
Howard,11
Howard County,13
Colombia,10
US,327
MARYLAND,8
Patapsco River,9
Elliott City,2
Minnesota,23
NewYork_SEC,1
Annapolis,5
America,196
U.S.,365
West Midlands,1
UK,136
Fort Lauderdale,20
USA,255
Maryland city,1
Ohio,74
Cincinnati,4
ellicott,1
Birmingham,6
Maryland..really,1
Maryland City,2
Florida,2739
MD,4
Marylands,6
Md.,2
Paris,15
United States,69
Ellicot,3
Europe,48
Ontario,41
Canada,199
Washington,97
Virginia,213
Hawaii,32
Elliot City,1
Puerto,13
Philadelphia,15
Fort Point,1
Baltimore County,1
Ellicot City,1
Puerto Rico,2542
Arkansas,13
North Carolina,357
N.C.,28
Fauquier,1
Loudoun,5
Township of Monroe,1
Jersey,1
LEESBURG,1
LANSDOWNE,1
PURCELLVILLE,1
MIDDLEBURG,1
OATLANDS,1
BELMONT,1
HAMILTON,1
SAINT LOUIS,1
PAEONIAN SPRINGS,1
GLEEDSVILLE,1
WATERFORD,1
LUCKETTS,1
ALDIE,1
PHILOMONT,1
LINCOLN,5
HUGHESVILLE,1
Frederick,1
Libertytown,1
Pennsylvania,31
Iowa,210
Salisbury,1
Prince Georges,1
Charles,1
PG County,1
Baltimore-,1
PENNSYLVANIA,1
DELAWARE,2
VIRGINIA,3
DC,3
Oman,6
Germany,31
Spain,9
MontgomeryCounty,1
I-495 at Route 29,1
Marriottsville,2
West Virginia,8
Prince George’s,1
Cheverly,1
BALTIMORE,1
Williamsport,1
ROUTE 68,1
CONOCOCHEAGUE CREEK,1
POTOMAC RIVER,1
Laurel,1
Carroll,1
Ocean City,2
Pompeii,4
Guatemala,5
China,62
Israel,84
Palestine,13
Chile,10
Yemen,11
Russia,34
Peru,3
Nicaragua,3
Greece,1001
Athens,278
EU,57
Sweden,20
Greek,15
greece,48
Attica,75
Latvia,3
European,3
Greeces,21
Attiki,2
Portugal,8
Turkey,17
Rafina,16
GREECE,21
Mati,36
Kokkino Limanaki,1
Neo Voutza,1
Poland,26
France,17
Atticas,1
Grecia,4
Italy,334
Athens.,1
Greece.,1
Jerusalem,4
Cyprus,15
Pikermou,1
London,30
Imperial Hospital,1
Pikermiou,1
Acharnon,1
athens,4
ATHENS,1
Laos,2
Japan,98
Lithuania,2
Greece.I,1
Kalavryta,1
Korea,6
Yunanistan,15
Southern Europe,1
Kineta,1
Aranclayton,1
Devastate Resort,1
grecia,2
Ireland,16
Crete,4
Macedonia,2
Thessaloniki,3
Syria,10
Bulgaria,2
Attika,1
East Attika,1
Catalonia,2
Turkey.I,1
Belgium,5
Athens beach,1
Korinthia,1
Nea Makri,1
Eastern Attica,1
Romania,1
Xylokastro,1
Pendeli,1
Kalamos,1
mati,2
Algeria,1
Morocco,1
Greek Orthodox Church,2
Sydney,4
Australia,34
Greek Community Centres,1
Greek Organizations,1
Greek Embassies,1
Greek Consulates,1
Europes,1
Albania,5
Thriasio hospital,1
Penteli,1
Grece,1
pyrkagia,1
Albanian,1
Pakistani,2
Karamanlis,1
Kurdistan,1
Preveza,1
Corinthia,1
Attica wildfires,1
Argyro,1
LONDON,1
Exarchia,1
Kifissia,1
St Pauls choir,1
Hellas,1
europe,3
Brussels,1
attica,1
Armenia,1
Borneo,1
Malaysia,7
Sarawak,1
Hermes Airports,1
Holy Trinity Monastery,1
Neos Voutzas,2
GREEK,1
Dublin,4
ITALY,9
Sardinia,1
italy,27
Syriza,1
Hampshire,2
Dorset,1
Hertfordshire,1
North Wales,1
California,5402
Munich,1
Manchester,10
West Attica,1
Gaza,1
Asia,44
UnitedKingdom,3
east of Athens,1
Montreals Greek,1
East Coast Attica,1
Nicaraguas,1
Australias,1
Fleves,1
Glyfada,1
EFKA,1
Oven,1
Capetown,1
South Africa,5
Melbourne,14
Evia,2
Chios,1
Lesvos,1
Geraneia,1
Chicago,51
Halkidiki,1
Greeces public,1
Aegean islands,1
Australian,3
Greece.Greece,1
Slovakia,1
East Attica,1
Kathimerini,1
Weirton,1
W.V.,1
City Ground,1
Greek island,2
KAT hospital,1
Balkans,1
Kerala,4653
Kunnamkulam,3
Hotel Livia Tower,1
kadukkutty,1
KeralaFloodsHelpNeeded,1
Kodagu,67
India,606
Cochin,11
Chalakudy,23
Ernakulam.if,1
Trivandrum,32
Ernakulam,87
Karukutty,3
Chennai,63
Rajiv Gandhi stadium,1
Kadavanthra,3
Karnataka,71
indias,1
Kottamam,1
Kochi/,1
Aluva,17
Mullaperiyar,18
malakkara,1
Aranmula,12
Pathanamthitta,49
kerala,394
kashmir,51
Kashmir,413
Delhi,71
Mumbai,66
Chengannur,114
Vizhinjam,3
Pozhiyoor,1
chengannur,8
Mudirapuzha,1
Ernakulum,2
Bengal,6
Maharashtra,45
Assam,45
Nagaland,47
Kottaram,1
Thiruvalla,9
Punjab,49
Chendamangalam,7
Karimpadam,1
Bangalore,48
Tamil Nadu,18
Andhra,1
Alappuzha,62
Amalapuram,1
Pandanadu,4
Keralas,41
Hyderabad,18
Thrissur,47
Kadungallor,1
Chengamata,1
pandanad,1
Arattupuzha,4
Telangana,24
Ambalapattu,1
Palakkadu,1
KERALA,62
taimur,1
Ayyappa College Hostel,1
Kozhikode,18
kuchapuram,1
kodagu,7
Maldives,10
Kerala.We,1
Pamba,3
Kadungalloor,1
Kuwait,2
kerala..,3
Velayudhan,1
Bhopla,1
Kalambattupuram,1
Thiruvananthapuram,23
Edapally,3
Odisha,55
Kochi,60
Rajiv Gandhi,1
ernakulam,4
Kadavantra,1
Wayanad,57
Mysore,3
Adlux Convention Center Angamaly,1
Malakkapara,1
kerala_rescue,2
Gujarat,46
Kayakulam,1
Idukki,20
Adlux convention centre,1
Kerala.plz,1
kochi,3
gandhi indoor stadium,1
vallamkulam,1
Kadiyanthuruthil House,1
Peringara,1
Puzhakkattiri,1
Kolamavukokila,1
Tottangara,1
Manikamangalam,1
Kuranchery,2
Ernakulam/aluva,1
Paravur,4
Perumbavoor,5
Kannur,24
Nagar Haveli,1
Sabarimala,12
Uttarakhand,54
Kunjithai,2
Thrikkakara,3
Bhubaneswar,5
Haryana,9
Kaipathur,1
Kalady,1
Chengalpattu,1
KeralaFlood,1
Coimbatore,16
kashmiri,3
Keralam,4
UAE,42
Palakkads,1
Mangalam Dam,1
wayanad,5
Telengana,1
kudivellam,1
Travancore,2
Alangad,1
Qatar,19
Bihar,52
Barcelona,4
Kozhincherry,1
Kerala..poor,1
Paravoor,3
Ernakulam district,1
Tiruvallur,1
NorthParavur,1
TamilNadu,16
Liverpool,2
cherthala,1
Pandanad,10
Chenganoor,9
Chenganur,6
pathanamthitta,2
india,3
Kanyakumari,6
Thuckalay,1
Chinnathurai,1
Thoothoor,1
Aaratupuzha,1
alappuzha,2
Pathanapuram,1
Bengaluru,27
Chandrababu,3
Panampilly,1
Vadakkekara,1
ramanatukara,1
Pinarayi Vijayan,3
Maharshtra,1
Kozhencherry,2
Palakkad,22
Kottayam,27
Malayattur,1
Kerala..,14
Kerala/Madikeri,1
Ashram,2
​Kerala,1
Ambalapuzha,2
Pollachi,1
Muzhakkunnu,1
Jharkhand,8
Kerela,33
"Thrissur,13",1
"Pathanamthitta,11",1
"Alappuzha,5",1
"Idukki,3",1
Malappuram,19
Kaloor,1
Nashik,1
Kuvapadi,1
UP,1
Indian,15
Apartments in Mayur Vihar Phase One,1
Vellikupam,1
st pauls kalamasery,1
Ratlam,1
Palghat,1
Aryanadu,1
Gujarath,1
Dravidanadu,1
Azhakiyakavu,1
KERALA/INDIA,1
Vaikom,5
Alapuzha,4
Kuttanad,10
kerela,6
Dubai,14
KeralaFloodRelief,3
AKSFWA,1
Kerala.AKSFWA,1
Ludhiana,3
malakara temple,1
aranmula,1
Manappuram,1
Kerala..God,1
Cessna Business park,1
Marathahalli,1
Mali,4
Chowara,1
Pune,18
Pakistan,701
Abudhabi,1
Kerala.,2
kadavantra,1
Kunjikrishnan,1
CHENNAI,1
Kadavathra,1
Madurai,4
KeralaFloods,10
Arankavu,1
Kakanad,2
ERNAKULAM,2
Lourdes matha hospital,1
allapuzha,1
PAWANKALYAN,1
Kambam,1
karnataka.respect,1
karnataka,5
Vatican-sponsored,1
Kerala.They,1
naalkavala,1
Angamali,1
agamaly,1
Chalakkudy,5
Alappuzha-,1
Lalkrishna,1
Kollam,8
Kasaragod,1
Mulayathur,2
Kothamangalam,1
Parambikulam,1
Muthalamada,2
Kadangaloor,2
Koottayama,1
Mavelikkara,1
calamur,2
Kanakunnu,1
Mankuzhy,1
Kerala.Intrested,1
Poonthura,4
Tiruvananthapuram,1
Canadian,43
Kakkayam,1
Cherthala,5
kottiyur,1
trivandrum,1
peroorkada,1
Ernakulam..Contact,1
kanyakumari,2
Keral,6
India..,2
bengaluru,1
vadakkencherry,1
Alapuzha/,1
Manorama,1
Bhopal,1
Irinjalakkuda,1
Bihars,1
SDMA,1
Lucknow,4
Janakpuri,1
Palakadu,1
Chetuva,1
Trichur,1
Sri Mookambika Temple,1
Kollur,8
Othara,1
Kuthiyathodu,1
CHITTOOR,1
Kuttanadu,2
Tamilnadu,8
Goa,13
Nedungapra,1
kodungallur,1
kunnamkulam,1
Pathanamthita,2
Mukambika,1
Kerala.ὤFὤFὄ7,1
Shirdi,1
Bangalore+,1
Kakkanad,4
Pampa,2
Achankovil,1
Allahabad,2
Kongorpilly,1
Karunagapally,3
The Akshaya Patra Foundation,1
Uttrakhand,2
Jammu,22
Paramashivam,1
kandukutty,1
Chennai-based,1
Kadukutty,1
Penukonda,1
Kerala.On,1
chinnathurai,1
Ahmedabad,7
Calcutta,1
Belagavi,1
Begumpet,1
Sudarshan Chakra,1
Thiruvilla,1
kashmiris,2
Manipur,4
Irinjalakuda,1
Nelliampathi,1
Mangaluru,2
Hindon,1
Mallapuram,2
Viluppuram,1
Telanganas,1
Madikeri,1
pathnamthitta,1
Manikandan,1
Peringalkuthu,1
Kottappuram,1
-Malavana,1
Puthenvelikkara,2
kaipathur,1
Karanataka,1
chenganur,1
kerala_floods,1
Pittanamthita,1
Himalaya,4
Visakhapatnam,4
ALLAPUZHA,2
MALDIVES,1
Vypeen,1
Villupuram,2
Indians,1
Kolkata,4
Madavana,1
Kerala-born,1
Coorg,1
Sri Venkatramana temple,1
Changanasserry,1
Bangalore..,1
Muhurtam,1
Dindugal,1
Eranakulam,1
jodupala,1
KHALSA,2
karnatakathat,1
Geneva,10
Kerala.more,1
Tripura,6
Mysore-kodagu,1
Germany..,1
KeralaFloods Relief Housing,1
Telugu,1
Uttarakhandi,1
India.Kerala,1
MUMBAI,1
Vijayawada,2
KODAGU,1
chennai,1
Tuticorin,1
Yelahanka,1
Chalakudi,3
kovilakam,1
Brighton,2
Paliekkara,1
Kumbalam,1
Asramam,1
Emirates,8
Varapuzha,5
Manathavady,1
UC College,1
Munkuzhy-a,1
Myanmar,12
Bangladesh,64
Kayamkulam,1
Bakra,1
Rajasthan,4
dimapur,1
Aleppy,1
Maharashtras Ahmednagar,1
Bahrain,1
Sanghaniketan,1
Uttarkhand,4
Tamil,4
United Arab Emirates,1
Chanathanadu,1
Kerala/Karnatak,1
Gurgaon,14
pakistan,102
Utrakhand,1
utrakhand,1
Pandalam,5
Cheruvaikkal,1
Sudha,1
Ramthakur College,1
Agartala,1
Allapphuzha,1
Kakanadu,1
India-Israel,1
Mauritius,2
Chengannurs,1
Alapuza,1
Malzhapozha,1
coimbatore.math,1
Bombay,2
Kuttunadu,2
Kolkata.,1
Sabarimalai,2
Chennaithala,1
Bhuj,2
Varappuzha,1
Haripad,1
Malampuzhas,1
Valiyakadu,1
BHUBANESWAR,1
Andhra Pradesh,1
Pathinamthitta,1
Mathamangalam,1
Tirupati,4
Rajithan,1
Kadamakkady,1
India.still,1
Kerala.-,2
England,8
Allappujha,1
Kerala.This,1
Latur,1
Kanichukulangara,1
Alappuzha district,1
Thailand,7
Iraq,4
Pathanamthtitta,1
Texas,1501
Kerala..tatal,1
Saudi Arabia,4
Koodankulam,1
Kodagudistrict,2
Kohli,2
Kuttikanam,1
Vadakara,2
Kambalakkad,2
Andaman,2
Kerala.Thank,1
Mananthavady,7
Killari,1
Waynad Collectorate,1
Waynad,1
Naamakkal,1
coimbatore,1
Kozhencheri,1
Banasurasagar,1
Nepal,61
@Kerala,1
Arunachal,2
keralaCastro,1
Kuttichathan,2
North Paravoor,1
Mundapuzha,1
Kodungallur,1
Andhra Jyothi,1
Las Vegas,10
Parakkat,1
Sullia,1
Nottingham,2
Singapore,3
Vizag,2
THrissur,1
Kannappankundu,1
Alangadu,1
Guwahati,3
Virushka,1
Lallaguda,1
Chenngannur,4
Moodbidri,1
Mulambily,1
Chengamanad,1
Pathalam,1
Nadavayal,1
Edavaka Panchayat,1
Puthussery,1
Madapura,1
Karnatakas,1
Kushalnagar,1
Vettukadavu,1
Tirupati Railway Station,1
SC,146
Maharashtra State,1
Malampuzha,1
Chikmagalur,1
Fukushima,9
TN,4
Khajuria,1
Mangalore,3
NewDelhi,1
Kattadada,1
Kakinada,2
Ladakh,1
KeralaRescue,1
Cessna Tech Park,1
Britain,4
Malayalis,1
PUNJAB,1
Chennithala,1
thrissur,1
malappuram,1
Jaunpur,1
Jalandhar,1
India*,1
Oahu,3
Honolulu,3
Maui,2
Kauai,2
Changanassery,2
Mandi,1
Pattnamthitta,1
Gujrat,4
MullaperiyarDam,1
Nedrumpura,1
Uttarakhand/Assam/Gujarat,1
Ellimallikara,1
Manathavaday,1
Kerala.Even,1
Maha,1
Gahuna,1
Palakad,1
Pangala,1
Padubidri,1
Chakrapani,1
Ezhikkath,1
Kerala.Salute,1
Pragati,1
Jaipur,1
Jharkandh,1
Pala,1
Ghaziabad,1
US-based,1
Kodagu.,1
Rajajinagar,1
Bihari,1
Kasturi,1
Vijayapura,1
Seva Bharti,1
Huawei,2
KERALA.LETS,1
Bengaluru..,1
Rakshabandhan,1
Vazhathope,1
Rakhi,1
Kerala.Released,1
Mangulam,1
Dubai-based,1
Angamaly,2
Chengannoor,1
Allapuzha,1
Kollangode,1
Chenagannur,1
Thiruvonam,1
Maliyankara,1
Tirupur,1
Singareni,1
Kattappana,1
Sanquelim,1
Mulund,1
Bhandup,1
Chennai-Salem,1
karambeli,1
Tirunelveli,1
Bajajauto,1
Kullu,1
Kochi Airport,2
Geneva/Germany,1
agalappatti,1
Nilambur,2
Varanthirapilly,1
Edayappuram,1
Kottathara,2
Nagarjuna,1
Amala,1
Chiranjeevi,1
MaheshBabu-,1
KalyanRam,1
VarunTej,1
Jind,2
Himachal,1
Varadallu,1
Mangalpady,1
Kanhangad,1
Omalloor Panchayat,1
Chennamangalam,1
Berlin,4
Aurangabad,1
Uttarakhands,1
Garhwal,1
kayamkulam,1
St Marys Orthodox Syrian Church,1
Manjeri,1
Vadasserikkara,1
Mahendra,1
Jhajjar,2
Swachha,1
Sundara,1
Chikkamangalur,1
Thakazhi,1
Nagarkovil,1
Dharampuri,1
Kaggdaspura,1
Manhattan,11
Kalpetta,1
Vadakkumpadam,1
Calicut,2
Pallippad village,1
Karthikapally taluk,1
Africa,156
Kavalam,1
Pinarayi,1
Mulavukad,1
Pallipad village,1
newindia,1
Kaziranga,1
Brahmaputra,1
Mankulam,1
Allepy,1
pamba,1
Switzerland,4
Chalakuddy,1
Alappad,1
delhi,1
AMU,1
Aligarh Muslim University,1
Panamaram,1
MalappuramKerala,1
Thiruvarpu,1
Patthanamthitta,1
Thodupuzha,1
nagaland,1
Maharastra,1
Tampa,67
Irumananthur,1
kerala.Due,1
Kottiyur,1
Panayikulam,1
Wellington,167
Pamba river,1
Kallangadi,1
Chenathnadu,1
VA.,10
karnataka_ioc,1
Onam,1
taluk,1
Nagarhaveli,1
Kumarakom,1
Dadra Nagar Haveli,1
Nagaland..God,1
Paramavu village,1
Vellappara,1
Kanjikuzhi,2
Panama,2
Kunnukara,1
Kallarkutty,1
Keralaflood,1
the Idukki district,1
Thirunelly,1
Tamil Nadu..,1
Kerala.I,1
Puthenvelikara,1
India.Bucket,1
South Carolina,265
Florence,127
Atlantic Ocean,2
Louisiana,124
L.A.,9
SouthCarolina,53
NorthCarolina,114
Miami,379
Mississippi,22
Hampton Roads,4
VA,97
NC,468
Meadville,1
Knoxville,2
Marin County,1
Carolinas,115
Nevada,9
Kentucky,19
Georgia,280
Raleigh,5
Virginias,6
Martin County,14
Carolina,40
Myrtle Beach,15
Charleston,95
HydeCounty,2
Carrboro,1
Beaufort,20
VirginiaBeach,4
York County,2
northcarolina,15
southcarolina,8
Edisto Beach,4
Albemarle,2
Pamlico,3
Pamlico rivers,1
NJ,33
North Carolina-Virginia,1
ATLANTA,2
NewYork,10
Hampton,11
N.C./Virginia,1
St. Louis,2
Phoenix,13
Hurricane Florence,7
Ridgeland,5
Atlanta,104
Montgomery County,7
Arizona,19
Columbia,24
Charlotte,62
Tennessee,49
TEXAS,37
FLORIDA,38
NC/SC/VA,1
PA,6
Wilmington,148
SC/NC,1
Wolfe County,1
Houston,1430
GA,61
Los Angeles,56
Bailey Coach,1
"55 South Fayette St, York, PA 17404",1
Atlantic,3
Cumberland,6
Delaware,10
West Virginia.,1
WRIGHTSVILLE BEACH,1
Hatteras Island,1
Dare County,3
Alzapuzzha,1
Norfolk,14
Appalachian,1
puertorico,80
NC/SC/TN/VA,1
Wrightsville,5
Greenville,13
Durham,23
NC-,2
Ocracoke,17
Vermont,4
Boston,29
Burgaw,5
Wilmington/Coastal,1
CAROLINA,5
Jasper,11
East Coast,7
Atlantic Beach,4
Missouri,78
Hanover,15
Wisconsin,32
TX,333
FL,443
Virgin Islands,121
Fayetteville,32
Caribbean,68
Carteret County,3
the Carolinas,3
LA,32
Pacoima,1
NC/SC,4
New York,86
EastCoast,2
Ὂ5#NorthCarolina,1
South Carolinas,5
Trask Middle School 2900 North College Rd,1
Onslow County,6
Lynchburg,4
Haiti,1444
WashingtonDC,2
University,1
NYC,44
Newman Lake,1
Chatham County,2
Carolina Coast,1
Tallulah Falls,1
Suffolk,1
D.C.,8
RichlandCounty,1
Colleton,1
Edisto Island,1
Colorado,39
WrightsvilleBeach,3
S.C.,4
Maryaland,1
McKamey Animal Center,1
Rock City,1
florida,67
Currituck County,1
Bristol,5
Nebraska,1519
Johnston,2
TyrrellCounty,1
JonesCounty,2
Fort Bragg,1
Kansas City,1
North Carolinians,6
Puerto rico,2
Tennessees,2
FlorenceNC,1
NC_Governor,5
Mishawaka,1
CHARLESTON,3
Beverly,1
MA,3
Orange County,22
U.S,37
"Washington, D.C.",1
Washington D.C.,1
Horry County,9
Charlottesville,7
montville,1
Connecticut,11
Charleston County,2
Dorchester County,1
BrunswickCounty,1
Whoa. Craven,1
New Bern,9
Denver,12
Butler County,2
Shreveport,3
Northwestern,5
Miami-Dade,42
HOLDEN BEACH,1
PuertoRico,1034
Knightdale High School,1
Portsmouths,1
Carteret,3
Ocala,4
Sandhills,1
bradfordville,1
Thaikkattukara,1
Yorktown,1
Michigan,33
San Juan,120
Richmond,11
NY,20
GaStateParks,1
Oklahoma,20
PUERTO RICO,34
NECHAMA,1
Roanoke,2
Jacksonville,152
CA,120
Colorados,3
Michigan-sized,1
North Carolinas,4
MyrtleBeach,5
Houston-area,13
Beltway,1
Rutherford,1
New Orleans,25
Clarendon,2
Savannah,25
Pickens,4
Alabama,54
Virginia Beach,1
Petersburg,2
Guilford,1
Stafford,1
Bahama,61
Wake County,3
Wrightsville Beach Museum,1
Newport,4
East Mecklenburg HS,1
Mecklenburg,4
North Mecklenburg,1
Netherlands,10
Illinois,9
hodakotb,1
Richmond County,1
Louisville,2
Jamaica Ave,1
Pennsylvania Ave,1
Brooklyn,13
Asheville,6
columbia,2
Lowcountry,7
usa,23
Akron,2
Indiana,19
Aberdeen,1
Pittsburgh,17
Columbus,27
FUKUSHIMA,1
LOUISIANA,4
miami,24
jacksonville,7
Philippines,11
Bolivia,2
San Juans,11
Ga.,2
East Greensboro,1
GEORGETOWN,1
NCs,1
Nashville,16
Kanawha,1
Columbia/,1
Trask Middle School,1
Codington Elementary,1
Dallas,50
Volusia County,6
Florences,1
Detroit,16
houston,66
East Tennessee,1
Cherokee Dam,1
IN,1
WV,2
Austin,59
florencenc,1
lima,1
Worcester,3
Westland,1
Springfield,3
Massachusetts,11
Beantown,1
Erie Street,1
hampton,1
Appalachian mountains,1
FLORENCE,1
Greeneville,1
Toronto,35
Montreal,2
Newark,2
New Jersey,17
Christ Church Episcopal,1
toronto,5
Shelter Island,1
Oxford,4
Cork,1
Summerville,1
South Carolinaan,1
NORTH CAROLINA,1
Iran,14
Lancaster,7
Orangeburg,2
Cajun Navy,1
CAROLINAS,3
Bayboro,1
Monroe,9
Chattanooga,4
NewBern,1
Harkers Island,1
Now Florence,1
Carolina coast,1
Harvard,1
Leland,5
Wrightsville Beach,1
Greensboro,7
1 WSW Cedar Point,1
Carteret Co,1
300 CEDAR POINT BLVD,1
Middletown,3
Masonboro,1
sarasota,1
Windsor,1
Orlando,95
NC.,1
Merchants Organization Scholarship,1
Lumberton,20
GOLDSBORO,3
Rocky Mount,1
Battleboro,1
Maysville,1
Dover,1
Pollocksville,1
Chillin,1
New Hanover Co,1
Northampton,1
Fairhope church,1
Puerto Rican,51
Morehead City,2
Belmont,1
Shallotte,1
Kernersville,1
newlexington,1
MACHODOC,1
Lexington,3
Conway,1
North Myrtle Beach,1
Cambridge,4
North York,2
w Wynn Road,1
Stafford Park,1
Seoul,1
Seven Springs,1
4000 BLOCK OF STEVENS CHAPEL RD,1
Mexico City,184
Winterville,2
Christie Lake,1
Maine,11
Oakland,16
Rhode Island,3
Mooresville,1
Hamilton,4
KYBELLA,1
Saluda,1
CREEK ROAD,1
Kenansville,1
Richmond Street,1
Sheppard Street,1
LUMBERTON,1
Hoboken,1
Simpsonville,1
BRUNSWICK COUNTY,1
1 NNW Rockfish,1
ROCKFISH ROAD,1
OVERLAKE ROAD,1
PECAN TRACE,1
Gainesville,6
Waccamaw,1
CONWAY,1
Mississauga,2
Queen County,1
Cleveland,6
Hanover County,1
Gwinnett County,1
Mount Olive,1
Marion County,5
Beulaville,3
Baton Rouge,2
East Mecklenburg,1
Ethiopia,5
Alaskan,1
ITALIAN,3
Swansboro,2
Appalachians,1
Blue Ridge Monday,1
Sutton Power Plants,1
Sutton Lake,1
Cumberland Co.,1
Nigeria,23
Sampson County,2
Portsmouth,2
Cumberland County,2
Pamlico County,1
New Hanover,1
Canterbury,20
Jenkintown,1
Winnabow,2
N TRYON ST north,1
Trenton,4
Hartsville,1
Darlington,1
HARTSVILLE,1
DARLINGTON,1
Jackson,3
Empress Avenue b/w Lane East Yonge South Kingsdale,1
CumberlandCounty,2
Dansville,1
Watauga Co,1
WATAUGA,1
THE INTERSECTION OF DEERFIELD ROAD AND BAMBOO ROAD,1
BOONE,1
GRANDIFLORA,1
WILMINGTON,2
Rivermist,1
brooklyn,2
annapolis,1
Laurinburg,2
MARLBORO,1
ἲCἲA,1
Nittanyville,1
Lumber River,2
Rochester,6
orlando,6
Ryerson University,1
Watauga,1
Wilkesboro,1
Hillsville,1
Shawangunk,1
Orange Co,1
CAMELOT VILLAGE NEAR BOLIN CREEK,1
Rowan,2
Niger,5
Craven County,1
Dear Carolinas,1
Winston-Salem,1
Hong Kong,4
Delta,1
African,29
Lokoja,1
Holshouser Building,1
Burke County,1
Hong Kongs,1
NC/VA,3
-Wilmington,1
Chesterfield County,1
nashville,2
Hoggard High School,1
1025 Blue Ridge Boulevard,1
"City Hall, 300 Pollock St",1
Wayne,3
ELM City,1
ELM CITY,1
Lucama,1
Crewe VA,1
Burkeville,1
Nottoway Court House VA,1
Clarksville,2
Mecklenburg Co,1
Lunenburg,2
beulaville,1
Scotland,3
NELSON COUNTY,1
Etlan,1
ETLAN,1
Churchville,1
Augusta Co,1
CHURCHVILLE,1
AUGUSTA COUNTY,1
Yanceyville,1
Halifax,2
Fayette,2
Utica,1
MiamiBeach,3
Tuckahoe,2
Rougemont,1
fayettevillenc,2
Ballantyne,1
fayetteville,1
Schenectady,1
Ridgewood,3
Washington-based,1
Wellsburg,1
Vietnam,6
Daytona Beach,4
Montgomery Co,1
MD-650 NEW HAMPSHIRE AVENUE,1
US-29 COLESVILLE ROAD,1
Irelands,1
Winooski,1
Cheraw,1
Great Pee Dee River,1
Jefferson County,3
San Diego,15
Elkridge,1
Luzerne,1
Richmondville,1
JACKSONVILLE,4
Rocky Point,1
Bermuda,8
Chenango,2
Myers Squibb,1
@CityofNewBern,1
Northland,2
RICHMOND,1
American,11
nc,2
Chesterfield,3
Morrisville,1
Pembroke,2
Sampson,1
South Carolina..where,1
Pender County,2
Gaithersburg,2
Danville,1
New Cumberland,1
FrankDolski,1
Down East,1
NorthKorea,2
Sligo Crk Pkwy Both NB/SB between Piney Branch Rd and Maple Ave,1
High Point,1
Cape Fear River,1
Mayodan/Rockingham,1
Greensboro/eastern,1
Glenburnie,1
Nassau County,6
Elizabethtown,1
Sarasota,23
Capital District,1
Exit 181B Latta/Marion,1
Norristown,1
Mexico,1559
Wyoming,7
Ashland,6
NewHampshire,1
Lumbee River,1
Shelbyville,1
3165 Olentangy River Rd,1
Utah,17
Valhalla,1
oatlandisland,1
Holland,3
Chemung,2
Smithville Center,1
Chenango Co,1
Fayettevillencoffice,1
Wingina,1
FLASH,1
Grimsby,1
Cockeysville,1
Chillicothe,1
Tampa Bay,41
Hollywood,45
Malibu,127
california,93
Californias,239
Cairo,4
Egypt,7
Cali,8
losangeles,3
CALIFORNIA,85
Californians,9
Camarillo,1
Butte County,51
Oxnard,2
Malibufire,1
Paradise,21
Milano,2
Estonia,2
California.ὤFἿD☮️,1
Northern California,17
CA..END,1
paris,2
Francisco,1
Topanga,3
Chatsworth,1
Agoura,2
America.,1
California἟A἟8❤,1
NorCal,10
Ventura County,16
Sacramento,29
Sierra Nevada,25
Chico,7
Oroville,13
SimiValley,1
Orland,1
Pulga,1
Southern California,3
malibu,8
BarackObama,10
California..instead,1
CALIFORNIAS,3
megkudla,1
Monterey,3
AZ,4
GA.,4
chapparal,1
California-native,1
kansas,1
Arabia,2
CO,1
Ventura,5
Magalia,7
Kansas,45
Norcal,2
Yuba-Sutter,1
Concord,1
Feather River Hospital,1
UCI Medical Center,1
Orange,7
LasVegas,6
Honduras,4
Thousand Oaks,4
Meanwhile,2
Seattle,7
Huntington Beach,1
San Jose,4
California..,4
Northern Calif.,2
Antarctica,2
Santa Ana,2
Californian,6
Butte,8
Northern Californias,12
North Valley Community Foundation,2
Fund - North Valley Community Foundation,1
Istanbul,1
Ballinasloe,1
Somalia,4
The United States,1
Salt Lake,2
NorthernCalifornia,3
Westlake,1
Santa Rosa,3
LosAngeles,3
Montana,14
Oregon,24
Northern Califo,1
Alibaba,2
Ca,2
Berkeley,8
CampFire,1
8California,1
California.The,2
CALABASAS,1
San Antonio,18
Griffith Park,2
Westlake Village,1
Lodi,1
Portland,9
Floridas,54
sandiego,2
Kobe,2
CALIFORNIANS,1
Libya,1
New England,4
Santa Barbara,1
-China,1
-Mississippi,1
Israel-Gaza,1
Galveston,41
Lake Sherwood,1
Indonesia,7
Rialto,2
Fontana,1
San Bernardino,2
Karachi,29
LAs,1
Coffey Park,1
SantaRosa,1
Haifa,1
San Bernardino County,1
japan,6
CALIFORNIA..,1
San Francisco,14
Aviv,1
Stockton,1
Norway,8
SANTA,2
zangstanko,1
Walmart,3
Carmel,2
Indianapolis,3
California.pooping,1
Calif.,3
Europe=comparable,1
Zimbabwe,865
Sonoma,2
Caifornia,2
South Florida,15
Bay Area,1
NYC-DC,1
Khmer,1
Cambodia,2
Manhattans,1
Beijing,3
SanFrancisco,3
POLITICO,1
ButteCounty,4
Chipotle restaurant,1
St. Paul,1
Rice Park,1
UnitedStates,10
UnitedStatesOfAmerica,1
Finland,52
KAMALA,1
Helsinki,2
Californiahave,1
Contra Costa,2
Red Cross,3
California-scale,1
Jordan,2
Concow,1
CaliforniaWildfires,1
Silicon Valley,2
FINLAND,2
Californiai,1
Cal,1
44 2ND STREET,1
YubaCity,1
Mugu,1
Irvine,1
Idaho,11
California-wide,1
CALIFORNIAs,1
San Joaquin,1
China-Gets-California,1
Mexican,2
Columbiana,3
Kansas/Oklahoma,1
Minneapolis,2
California.,1
Miami-based,2
roseville,1
Saudi,3
Congo,10
The Chico Municipal Airport,1
Roseville,2
ATHENA,1
U.S.-Mexico,1
hawaii,1
hawaiii,1
Israel-Jewish,1
The American Red Cross,1
California.youre,1
CaliforniaCity,1
Summitville,1
Santa Clarita,1
Californa,1
Southern Californias,1
MEXICAN,2
Memphis,6
Midtown,1
Alaska,13
California)--these,1
HamiltonCity,1
️CALIFORNIA,1
CaliforniaLabor,1
HoustonChron,2
Harris County,31
Wallywood,1
Grass Valley,1
Nevada City,1
Marysville,2
KanyeWest,1
Baghdad,1
Milwaukee,3
Kern County,2
York,4
California-based,2
CALIFORNIA.WHOOPEE.hope,1
DUMBASS,1
California.A,1
Granite Mountain Hotshots Memorial State Park,1
Mojave Desert,1
Kulgam,1
Los Angeles County,1
"19 Colusa Street Orland, CA 95963",1
Chico Airport,1
Lincoln,18
Camp Fire,1
Sierra Nevadas,2
town of Lincoln,1
Parkland,4
Castella/N,1
NorthCalifornia,1
Flint,2
Michigan-CLEAN,1
California-FIRE,1
dallas,2
texas,31
Bacigalupi,1
DenverZoo,1
CALIFORNIAN,1
Afghanistan,5
LOS ANGELES,1
northern Californias,1
MICHAEL,1
Joplin,2
MALIBU,1
Mulholland,1
U․S.-Mexico,1
Europa,1
Chimanga,1
Bukavu,1
ISRAELI,1
Ukraine,5
New Zealand,379
5California,1
Napa,1
SanLuisObispo,1
Newark_MS,1
Korean,4
Crimea,1
Ottawa,13
Reno,2
Sierra Nevadas Camp,1
Fresno County,1
Beira,240
Mozambique,1279
Malawi,447
Mozambique..more,1
Mozambiques,23
Beira City,1
Manicaland,93
Masvingo,20
Matabeleland,2
mozambique,12
Mutasa,1
Chipinge,80
Chimanimani,316
moçambique,1
Nyika,1
Mutare,28
Manicaland.Its,1
zimbabwe,18
Mandla,1
Zimbabweans,42
Burma,2
Mashonaland,3
Abu Dhabi,2
Umvumvumvu,1
Tanganda,3
Mnangagwa,3
Asakhe,3
Manicand,3
Bulawayo,14
45 Moffat Ave Hillside,1
Mugabe,2
Mat,1
Tsholotsho,2
Bulilima,1
Mangwe,1
amutambara,1
Chamanimani,1
Zambézia,1
Tete,2
Niassa,1
Varakashi,2
Umvumvu River,1
Luwanga,1
Sofala,21
Harare,20
Kutadzaushe,1
Avondale,3
Bikita,12
Kenya,7
AfricaAlbida,1
Belarus,2
South African,9
Wamagaisa,4
kubatana,4
Nhedziwa road,1
Mozampique,1
NewZealand,134
Mozambique.lets,1
NewZealandMosqueAttacks,1
Manica,13
Zambezia,6
Inhambane,1
Chikukwa,5
Nyabamba,1
Runhowani,1
Gauteng,1
Asian,3
africa,7
Espungabera,5
Chimoio,4
Kambuzuma,1
Nganu,1
Luanga,1
Nyanyadzi,2
Chiredzi,3
Zim..pfungwa,1
Zimbabwean,9
Nedziwa,1
mukoma,1
Gaborone,1
SouthAfrica,7
Singabambana,1
Eastern Highlands,1
Gweru,1
road to Beira,1
Maputo,15
Mtoko,2
Africa_evidence,1
Muguzo,1
Zimba,2
ZIMBABWE,6
cycloneidai,1
Mozambique—a,1
Ngangu Roman Catholic,1
AMakuyana,1
Mozambique/Zimbabwe/,1
UKinMozambique,2
Rusape,2
Nyanga,1
UNZimbabwe,3
Zambia,9
Chamisa,1
mozambique἟2἟F,1
manicaland,4
Joburg,2
Zim,6
Chikwawa,3
Mwanza,1
malawi,4
Southern Malawi,1
Mutimurefu,1
Newlands,3
beira,7
CycloneIdai,5
mozambico,1
Mozambican,10
Mutoko,1
Mahawu,1
Beria,1
Zimbabwe-an,1
Mutambara,2
Munhinga river,1
Dombe,2
Munhinga,1
Sussundenga,2
Tokwe,1
Mukosi,1
Chingwizi,1
Zimbabwe.He,1
Varakashis,1
Zimbabwes,6
Nango,1
chimanimani,4
ZIMUKSN,1
Mugano,1
Gorongosa,9
Chitengo,1
Chimilo,1
Chipinge/Tanganda,1
Beira.+90,1
Dominican Convent,1
Tucson,4
7 Kenilworth Road,1
southern Africa,2
Nsanje,5
Chishamiso,1
BEIRA,2
Mozambique-Zimbabwe,2
-Mozambique,1
Mexicos,106
Moçambique,3
kuita,2
kutaura,1
musati,1
Southern Africas,1
Mozambiquen,1
Ngiyabonga,1
Southern Africa,12
Chimamimani,1
Ngangu,25
Highlands,1
Nhamatanda,3
SouthAfrican,1
Tanzania,7
Mananganzira,2
Miracle Missions,1
BIKITA,1
Chikukutu,1
Cheninga,1
Majuru,1
Mutsambiwa,1
Namibia,4
Beira/Mozambique,1
kumusha,1
Gorongosa national park,1
chepanhamo,1
Nkhotakota,1
Lilongwe,2
zimababwe,1
Marondera,1
Marowanyati Dam,1
Murambinda,2
Mwerahari River,2
Presbyterian church,1
chipinge,1
ChengetoAfrica,1
tropical cyclones,1
Mozambique—and,1
Mulanje,1
264 Chiremba Rd,1
Mozambique/Zimbabwe/Malawi,1
Ugandas,1
Uganda,4
the Highlands Presbyterian Church drop,1
Tanzanian,1
"Mozambique,100",1
Chimanimanj,1
Chankhanga,1
Barbuda,126
Chikafu,1
Highlands Presbyterian Church,1
Kariba,3
kariba,1
Midlands,1
Warren Park,1
Mukuhlani,1
Botswana,3
Kulinji,2
Zimbabwe/2019,1
Kwekwe,1
Johannesburg,3
Buzi,2
Berira,1
Chiredzi district,1
Tinokudai,5
manica,1
UK-funded,1
Madagascar,2
Kenyas Turkana County,1
South Sudan,1
pretoria,1
Mashonjowa Primary school,1
Brazzaville,1
mozambiquevitims,1
Matebeleland,1
Tokwe-Mukosi,1
Port Beira,1
Borrowdale Brooke Golf Estate,1
Kampepuza,1
Copenhagen,2
Angola,1
Marwendo,1
Mandoudi,1
MOZAMBIQUE,1
Ballito,1
OKZimbabwe,1
Gorongosa Park,1
Zambezi,1
Africans,1
Vumba,1
60 Speke Avenue Harare,1
Eastern Zimbabwe,1
Royal Australian,1
Africas,2
Gorongosa park,1
Nyahode,2
AU,1
AfricaὔA❤️,1
Mogadishu,1
Darikwa,1
Mocambique,1
SouthernAfrica,2
Munongoti,1
yeruzhinji,1
Mozambique.,1
Cabo Delgado,1
Umvumvumvu Bridge,1
Biriri High School,1
Nyanyadzi High School,1
bulawayo,1
Midwest,3
Nebraska/Midwest,1
Omaha,43
Nebraskan,3
kulendaba,1
Highway 34 near Bellevue,1
Elkhorn River,3
western Douglas County,1
Lake Wanahoo,1
South Dakota,25
Makumbe,1
Cuba,204
Wood River,1
ElDorado,1
Buffalo County,1
Wood River community,1
NEBRASKA,35
Fremont,7
KANSAS,3
NE,7
Oglala Lakota Nation,1
Arapahoe,1
Vicksburg,1
Sioux City,3
Iowa City,1
Platte River,1
Saunders,1
Ngorima,1
@Nebraska,1
Phalombe district,1
Lakota,1
Zimbabwe+Mozambique,1
ZIMTA,1
Luanda,1
Pretoria,1
United Emirates,1
Dakatoa,1
Southern Africa-,1
Christian Church,1
Waterloo,4
Elkhorn Middle School,1
Preston,2
Stewartville,1
CapeTown,1
nebraska,23
Brazil,6
Nebraskas,18
Bomgaars,1
Huntsville,1
Yorkshire,2
Luxembourg,1
Dakota,7
omaha,7
Phalombe,5
Lincoln metro,1
Creighton University,1
Omaha Beef,1
Boyd County,1
Chiwalo,2
Lawrence Msonthi,1
Fall Creek,1
North Dakota,11
Malawi-,1
Chimanimani-,2
Musikavanhu,2
northern Nebraska,1
Nyahonde,1
Ngangu Township,2
Prophet Bushiri’s ECG Church,1
Nebraska-,2
NebraskaIowaMissouri,1
EU/,1
Malawian,1
Woodbury,1
Lisbon,3
Iowa/Missouri,1
Chiwenga,2
humanitarian NGOs,1
Dakotas,5
Saunders County,1
Omahas,1
Nebraska-Strong,1
KC,2
Schuyler,1
Albany,4
Nebraskans,3
Macurungo,5
Mozambique-,1
Rusitu,3
Glenwood,2
Claremore,1
MISSOURI,1
Nebraska.or,1
Puerto Ricos,117
Columbia County,1
Dhiri,1
Botswanas,2
Mukodza,1
Blantyre,4
Charleswood,1
Bizu,2
Mamputa,1
Machonjwe,1
guia,1
Missouri River,3
Tekamah south,1
Falls City,1
Tyndall,1
Fairbury,1
Endicott,1
Reynolds,1
North Carolina to Omaha,1
redcross,1
Highlands Presbyterian,1
Wisner,1
Cattle Drive Lincoln,1
Nemaha,2
Richardson Counties,1
iowa,3
SouthDakota,2
Manyame Airbase,1
Buhera,1
Shiraz,1
Valley,2
Cali..weve,1
Buzi district,1
Bellevue,4
Douglas,1
Otoe,1
Richardson,2
Sarpy,1
Chadron,1
Alliance,1
Mullen,1
Hyannis,1
Gordon,1
LUSAKA,1
Lusaka,1
OMAHA,2
Depth,1
Panama City,2
Scottsbluff,1
SD,1
ND,1
MT,1
WY,1
ZIMvUAE,1
Mangochi,1
Missouri..,1
Iowa/Nebraska,1
Vegas,6
Eastern NE Research Center,1
Nebraskaoh,1
Niobrara,3
Lynch,1
Fremont Island,1
Peoria,1
chikwawa,1
Iceland,3
Grand Island,3
Biriri,1
Marumauta,1
Nebraska-Lincoln,1
Makhanga,4
Albion,1
Auburn,1
Tampa..,2
Nebraska.,1
southernafrica,1
Pompeo,2
Estoril,1
Fullerton,1
Maputo-Beira,1
United Nations,1
Denmark,2
Portuguese,1
Biera,1
UN,1
Nebraska City,1
Hamburg,2
Tulsa,2
Tuzuka,1
Sakuinje,1
Western Iowa,1
Manitoba,20
NorthDakota,1
Chimani-mani,1
Malawis,2
Beira Airport,1
Sakubva,1
Paraguay,1
Argentina,6
NWT,1
Fulton County,1
Boyd,1
Holt,1
Knox,1
Zimre Park,1
PR,156
El Salvador,1
Canada-wide,1
Tica,1
Payless store,1
Graca Machel,1
Mixan,1
Mexico..,1
Djibouti,1
Gorongosa district,1
Ngangu-one,1
NewZimbabweCom,1
zimbabweans,1
african,1
Nhampoca,1
Macate,2
Mozambique.἟8἞A἟2἟F,1
Chipinge.,1
Matadouro,1
Malaria,1
Chmanimani,1
Beira city,1
ChipingeTown,1
Chimanimani High School,1
Tongogagra,1
Nhamatanda District,1
Pintail,1
Bangula,1
South Africans,2
Chimoio-,1
Quelimane,1
Mhakwe,1
Dombe village,1
Matyukira,1
Matendera,1
Chikomba District,1
Cassava,1
Chimanini,1
Mhondoro-Ngezi,1
Mozambiqu,1
Eswatini,1
Gondola,1
Dorian lands,1
Seminole County,7
Harlingen,1
Palm Beach County,12
Palm Beach,81
Broward,16
PalmBeachCounty,12
Hillsborough,17
Naples,74
SouthFlorida,4
Bahamas,1273
Bahama island,1
MARALAGO,11
Mar-a-Lago,1
Lake County,1
Community Church,1
Miami Lakes,2
165000 NW 87th Ave(Royal Oaks Park),1
Lee County,2
Cape Canaveral,4
Alaksa,1
georgia,7
DeKalb County,1
Erie Countys,1
DelrayBeach,1
BoyntonBeach,2
Maralago,7
PalmBeach,12
PalmBeachDSA,1
Dorianflorida,4
Tallahassee,4
OR,2
Floridas Atlantic coast,1
Florida-USA,1
OkaloosaCounty,1
British Virgin Islands,4
Saint Lucie,1
Miamians,1
Palm Beaches,2
southflorida,5
Miamian,1
Valdosta,3
Hurricane Dorian,1
BahamaS,1
ORLANDO,2
3148 S Goldenrod Rd,1
Atlanta Motor Speedway,1
Polk County,12
StLucie,2
Alachua,4
Salt Springs,1
Brooksville,1
Withlacoochee,4
Maitland,1
Miramar,2
SC/GA,1
Miamis,7
Indian River,7
Kennedy Space Center,4
bahamas,38
Lucie,3
American Red Cross,2
FLs,3
Broward County,6
Dothan,2
TampaBayArea,1
China/Israel,1
Florida_Today,2
BAHAMAS,21
Bimini,2
NW,1
Abaco,123
Berry,1
Eleuthera,2
Grand Bahama,5
West Palm Beach,9
Osceola,3
Pasco County,2
Dixie County,1
Brevard County,27
Putnam County,2
florida-,1
Madison,1
TampaBay,8
Walt Disney World,5
CentralFlorida,2
Palm Springs,2
Allegheny County,1
Abacos,53
islamorada,1
Hutchinson,2
GA/SC,1
WestPalmBeach,4
Osceola County,2
Orange State,1
Vizcaya,1
SouthMiami,1
MIami,1
Madrid,2
Nassau,17
mlamonica,1
Wauchula,1
Mar a Largo,1
South FL,1
Ft Lauderdale,1
Brevard,29
Palm Coast,1
Americans,2
Clewiston,1
DaytonaBeach,3
Cocoa Beach,1
Pennsylvanias,1
MIAMI,10
COUNTY FLORIDA,1
St. Lucie,8
Orange Park,1
Kissimmee,4
Wichita,2
Fla,2
Mar A Lago,3
GA/SC/NC,3
PanamaCity,1
OrangeCounty,2
TheBahamas,8
North Beach,1
Miami Beach,4
Miami-,1
FloridaI,1
BULLETIN,4
Martin,4
Edinburgh,2
Macon,3
dasani,1
Brevards,1
Fla.,6
Mireya,1
Andros Island,1
Orlando-,1
Bay,1
kissimmee,1
BrevardCounty,3
Chatham,9
Freeland,1
South Beach,1
maticashe,1
Pensacola,1
INLAND,1
marcusmoore,2
Cape Canaveral Hospital,1
Bonita Springs,5
Delray Beach,1
MacklePark,1
Pinellas County,2
BrowardCounty,5
Florida..,2
GAs,1
Martinique,3
Lesser Antilles,1
GA/the,1
Bahamians,10
puerto,11
Bahamasdoesn,1
Bay County,2
Collier County,8
Caldwell County,1
Crittenden County,1
MARTIN COUNTY,1
North Shore Animal League,1
Bahama Islands,1
TAMPA,3
Janesville,1
Disney World,3
Florida-based,3
Key Biscayne,2
Hallandale Beach,1
Big Dog Ranch,1
Northwestern Bahamas,1
South Carolinians,2
Nazareth,1
-Florida,1
MaraLargo,1
Guatemalan,1
Amazon,2
BahamaIslands,1
palm beach,1
Stanford,1
Camp David,1
Deerfield Beach,2
Tencarva,1
old Bahamas Princess Hotel and Resort,1
Camden,5
Galvaston,1
Odessa,8
Cuban,16
Palomilla,1
Henderson University,1
Rome,14
Odessa-Midland,1
HutchinsonIsland,1
Palm Beachers,1
Swansea Town Beach,1
bahamas἞7἟8,1
bahamaslife,1
Dasani,2
Orlando_CityUK,1
OrlandoCitySC,1
Rutland,1
Bahamas*,1
Garden City,1
Barbados,10
baco Island,1
Lakeland-based,1
Dominican Republic,48
Dominica,297
Grenada,1
Kong,1
OsceolaCounty,2
River County,2
VOLUSIA COUNTY,1
Bahamian,17
Marsh Harbour,8
Sebastian Inlet,1
Yucatan,1
SaintLucie,2
StLucieCo,1
SaintLucieCo,1
StLucieCounty,2
SOUTH FLORIDA,1
Midland,2
UMCOR,1
GrandBahama,8
Abaco Islands,18
Grand Bahama Island,4
OurCounty,1
Biloxi,2
Marsh Island,1
AbacoIslands,23
Indian River County Emergency,1
RivieraBeach,1
charleston,2
Bahamasmy,1
Marsh Harbor,2
Boca Raton,3
Acabo,1
KILLEDAND,1
Lebanon-Israel,1
Polk,1
OK,3
Tuscaloosa,3
MartinCounty,1
MarALago,1
NH,1
MaralagoFL,1
Indian River County,3
amapola,1
Puerto Rico/,3
eastern Carolinas,2
St Lucie,1
Aboca,1
Elbow Cay,8
Fiji,2
Bahamas-stay,1
puertoRico,5
MoscowMitch,1
Cabo Verde,1
Bahamasὢ2,1
Atlantic Basin,1
Peace River,2
AbacoIsland,9
Green Turtle Cay,2
Geogia,1
Highlands County,2
BAHAMA,3
Grand Abaco,3
county shelters,1
Indialantic Beach,1
StJohnsCounty,1
MARTIN,1
Salerno,1
Johns County,9
Bahamas..and,1
Rockport,44
St. Johns County,4
Bahamas..still,1
Lauderhill,2
Nova Scotia,2
Abacoisland,1
Bahamaspress,1
1Bahamas,1
Bahamas..,3
Freetown,4
Volusia,18
Lake City,1
Florida-,3
ISLAND,2
Abacos Island,1
Abacos Islands,2
LasVegas_Texan,1
GEORGIA,5
Juno Beach,1
Sumter County,2
St Johns County,1
Clay County,9
Floridians,2
Hastings,2
Flagler Estates,1
Abaco Island,2
Great Abaco,1
Brunswick,1
Oscela,1
MOFABahamas,1
abaco,1
Georgias,6
U.S.-,1
Abaco island,1
Sunnyside,2
Dorian,1
Lantana,3
Volusia/Brevard,10
Volusia/Flagler,1
Pinellas,1
chile,2
BahamasAbaco,1
North Brevard County,1
St. Lucie County,1
Turtle Cay,2
Volusia/Brevard County,1
Anderson Middle School,1
islands south of us,1
Brevard/Volusia,2
Duval County,4
VolusiaCounty,2
Martin Counties,1
Florida..where,1
usa_satcom,1
Sandy Point,1
sc,1
Provincetown,1
Dayton,3
Toledo,4
Hongkong,1
Fayette County,1
Grand Marsh,1
Titusville,2
Miramar Parkway,1
Bahamasἳ4,1
Jamaica,48
BocaRaton,2
Arizonans,1
Georgetown,5
Siberia,1
FortPierce,1
SaintLucieCounty,1
Florida*,1
USAs,1
Ga,3
SOUTH CAROLINA,1
COLUMBIA,2
Palm Harbor,1
Orange county,1
Coast south of Sebastian Inlet,1
NassauBahamas,2
Horry,1
GrandStrand,1
Bluffton,3
SouthCarolinas,2
oklahoma,1
PalmBay,2
Jupiter,1
SanDiego,3
Guadeloupe,9
SIP HOPE,1
Palm Tran,1
Coburg,1
Champlin,1
Minn.,1
0Abaco Island,1
Treasure Coast,1
Sc,1
The Bahamas,2
southern barrier islands,1
AtlanticBeach,1
Hyde County,2
Glynn,4
Liberty,7
McIntosh,6
Bryan,4
Alabamas,1
FL-,1
Bahama Island,1
Bahamas-I,1
Warsaw,1
Puerto Rico/FL,1
Rwanda,1
ALABAMA,2
daytonbeach,1
savannah,1
atlanta,2
Jacksonvilles,2
juliusagusta,1
U. S. A,2
Ohioans,1
Las Olas,1
Daytona,4
Melbourne/Cocoa,1
floridaman,1
Beghazi,1
Bahamas=,1
Boulder,1
KSA,1
Marion,1
GrandBahamas,1
bahamas..,1
bahamasdorian,1
Alabama*,1
Mar Lago,1
Yamacraw,1
mirpur,35
azad kashmir,3
Jehlum,13
Mirpur,331
Azad Kashmir,76
Jhelum,36
Lahore,43
Sarai alamgir,1
Sialkot,4
MirPur,3
AJK,118
Mirpor,1
Jatla Mirpur,1
AzadKashmir,36
jehlum,5
mipur,1
Muzaffarabad,1
Kotli,3
SDMA AJK,1
Mangla,6
Islamabad,40
Mangla dam,2
Mirpurs,1
azadkashmir,19
Azad Jammu,14
Pak,4
Azad kashmir,2
Kashmiris,5
Rawalpindi,6
@mzsqadri Roads,1
Azad_Kashmir,4
Kort Kashmir,1
Kashmir..ya,1
AjK,1
Bhimber..,1
Balakot,4
Lahore..stay,1
Raksha,1
PAKISTAN,4
Pujab,1
Dinah,1
AJ&K,3
AK,5
azad kashmirὢ5,1
KarachiRains,1
MirpurAJK,1
India-Pakistan,1
Bhimbar,1
Mirlpur,1
mirpurazadkashmir,1
jhelum,5
Baluchistan,1
Jatlan,33
AKJ,1
Jaatlaan Canal,1
kashmir..Aameen,1
Mangla Dam,9
Khari,1
Pakistan..,1
Azad,6
Bhimber,6
Ajk,3
valley,1
Peshawar,6
Azad Jammu and Kashmir,2
Mirpure,3
ISLAMABAD,2
LAHORE,1
RAWALPINDI,1
PESHAWER,1
SIALKOT,1
GUJRAAT,1
AzadJammuKashmir,1
Chiterpari,1
New Mirpur,2
Kashmiri,12
POJK,1
Benazir Bhutto Shaheed Medical College,1
Chitterpari,1
Kharee Shrif,1
Mipur,1
MIRPUR,3
Quetta,1
Jatla,2
aazaad kashmir,1
mirpurkhas,1
Islambad,1
Mir,3
Pakistan/Mirpur,1
Azad Jammu Kashmir,1
Pakistans,3
azad Kashmir,1
Margalla,1
Jaltan Road,1
Srinagar,4
Jatllan,1
Jarikas,5
Allah Karum karay,1
ImranKhan,1
Rehayishmarziki,1
goilaan,1
United Kingdom,1
Kashmir Valley,1
pakistani,1
pak,1
Azad KASHMIR,1
Jaatlaan,2
Azadkashmir..,1
Tirana,1
Ak,1
Kashmir.Pak,1
Gujar Khan,1
PoK,1
SriLanka,157
jehlum canal,1
Baloch,2
Pakistan/AJK,1
AJK.prayers,1
Azadkashmirand,1
Khyber Pakhtunkhwa,1
Azaad Kashmir,1
israel,2
Kashmir.May,1
Karamaat,1
Mirpur Jatlan,1
uk,1
london,2
Mayo Hospital Lahore,1
Balochistan,6
Jatlaan,2
Azadkashmir,3
Mirpur.Army,1
Jhelum city,1
Faisalabad,1
Aj kashmires,1
Road Jatlan-Mangla,1
Ariel,1
jatlan,5
Pakistan..Lot,1
kashmir..stay,1
Sri Lanka,96
Srilanka,9
SaraiAlamgir,2
Kharian,2
Charsadda,1
Malakand,1
Mangla Road,1
BALOCHISTAN,1
Mirpur city,1
Kala Gujran,1
karachi,1
syria,1
MirpurAzadKashmir,1
Darbar,1
Asalamualikum,1
MUZAFFARABAD,1
Sindh,1
Mirpur_AJK,1
SouthAsia,5
mirpur university of science and technology,1
Paki,2
Duniya kahan,1
Pakistan-,1
Muzaffrabad,1
Qaisar,1
Aurangzeb,1
Sanga,1
Pulmanda,1
Small Sharif,1
Pindi Sabarwal,1
Sohawa,1
NewYorkCity,1
India-,1
PAK,1
USPakistan,1
India-USA,1
India.Worlds,1
kualalumpur,1
Kashmir Hotel and restaurant,1
Pakhtunkhwa,1
PARS,1
Taobat,1
Azad #Kashmir,1
Shifa Foundation,1
Maluku,1
Ecuador,1004
Uruguay,1
Mexico+(tsunami,1
Quito,21
Ecuadors,52
ecuador,19
Guayaquil,12
Manta,10
Guayas,1
Manabí,2
Pedernales,7
Manabi,6
QUITO,3
Machala,1
ECUADOR,20
Galápagos,1
Venezuela,20
Guayaqu,1
Australian east coast,1
Japans,1
MANTA,1
Ecuadorian,1
EcuadorEarthquake,8
Tabuga,1
Camarones,1
Jama,1
manabi,1
Canoa,3
Miitomo,1
Crucita,1
Canadians,3
Ecuad,1
Portoviejo,5
Ecuador..,1
Jama County,1
El Salvador..,1
Cuenca,1
Venezuelan,2
SanAntonio,10
US west coast,1
Vatican,5
Tonga,1
Ecuador´s,1
Habla,1
South American,2
Kumamoto,3
Japan.May,1
Tohoku,2
Galapagos,3
Quebec,4
Kunamoto,1
Coquimbo,1
Yokota,1
Ecuadoran,1
Quito-San,1
Isangel,1
Vanuatu,2
Prefecture of El Oro,1
PEDERNALES,1
Bahia,1
franciscus,1
GUAYAQUIL,1
Lady of Perpetual Exemption Church,1
Salinas,2
San Clemente,1
Muisne,2
Fl,3
Fort McMurray,351
Alberta,321
FortMcMur,1
Hwy 63,1
Fort Mac,17
Edmonton,22
Saskatchewan,3
British Columbia,2
Albertas,13
FtMcMurray,4
FortMcMurray,48
Fort McKay,1
canada,3
Fort McMurray Wildfire,1
Fort St. John,5
Redcross,1
Canadas,12
FortMac,3
Ft. McMurray,5
FortMacFire,3
Calgarys,1
Clear Hills County,1
Lantzville,1
Nanamio,1
Mcmurray wildfire,1
Fortmcmurray,1
Fort McMur,1
for Fort McMurray,1
McMurray,6
Fort MacMurray,1
Nanaimo,2
Ft McMurray,3
ALBERTA,5
Athabaskan River,1
Nopiming Provicial Park,1
Syrian,8
Ft Mac,1
Fort McMurrary,1
Albertans,4
Foothills,1
TORONTO,2
Calgary,16
MANITOBA,1
manitoba,2
Regi,1
Fort McMurr,1
Inkster,1
Bold Centre,1
McMurray Wildfire Fund,1
East coast,2
Squamish,1
New York City,2
torontos,1
Etobicoke,1
Albertan,2
Abasand,1
Beacon Hill,1
FortMcMurrays,1
Yukon,1
Buena Vista,1
Manitoba..,1
Northern Ontario,1
Falcon Lake,1
alberta,3
Edmonton Humane Society 13620 - 163 Street,1
@mayordavepelham,1
Northlands,2
Chelan County,1
Edmonton Northlands,1
Northern MB,1
MB,1
Mcmurray Wildfire,1
AlbertaS,1
mexico,57
Caddy Lake,1
CANADA,1
Slave Lake,6
Calgry,1
Fort McMurry,1
Charlottetown,1
Bonnyville,3
Fort McMurray-area,3
Sunnyside Natural Market,1
Okotoks,1
New Brunswick,2
Taiwan,9
Moncton,1
Penniac,1
North Cross,1
South Cross,1
Lesser Slave Lake,1
calgary,1
Zurich,1
fort Mcmurray,1
powellriver,1
Wallace Lake,1
Alberta/NEW,1
Baptist Church,1
Wells Fargo,3
Fort Mcmurrary,1
Fort McMurra,1
ALBERTAS,1
McMurray wildfire,1
TORONTO/VANCOUVER,1
Sams Point Preserve,1
GEBAmerica,1
Gold Bar,1
Manitoba/Ontario,1
Cape Breton,1
Lac Du Bois,1
OConnor Rd,1
Kamloops,3
BC,1
Little Smoky,1
Fox Creek,4
M.D,1
Little Smoky area,1
Fort,1
McMurray Wildfires,1
Municipal District of Greenview,1
Eckville,1
Ruth Lake Camp,2
Ruth Lake,3
Boreal,1
Manitobas,1
Canadian city,1
FORT MCMURRAY,1
Wood Buffalo,3
Greenview,1
Churchill River,1
Northern Alberta,1
Dickinsfield,2
Ft. McMurr,1
Attawapiskat,9
Clenell Crescent home,1
Essex County,2
Alberta.ca,1
Ft. Macmurray,1
Lambton,1
Sarnia,1
Vancouver,3
Lambton County,1
McMurray Wildfire Relief,1
CALGARY,2
Ft Mac Lutheran,1
Albert,1
Slave lake,1
Beaumont,16
Fort Mac Wildfire,1
Amatrice,53
italyὡE❤️,1
RobloxITA,1
italyὉ9,1
Italia,16
italia,7
Italian,13
Lazio,5
The Marche,1
FifthHarmonyITA,1
Pescara del Tronto,4
Italys,5
Italy.,1
Umbria,8
Perugia,2
amatrice,2
Pescara Del Tronto,1
ITALY..,1
Bostons,1
NorthEnd,1
Rieti,1
Amandola,1
Norcia/Rieti,1
Marche,2
srilanka,40
Apennines,1
Norcia,3
UNESCO,1
Saada,1
PescaraDelTronto,1
Bosnia,1
Romanian,1
Romanians,1
Accumoli,2
Arquata,4
Louisianas,2
Arquata del Tronto,1
Cascia,4
Piazza San Francesco,1
Matrice,1
Napoli,1
Italy-hosted,1
NIAF,1
Hoodoonola,1
Ueki,1
Italy..,1
Preci,1
Pescara,3
Tronto,2
Venice,2
British,1
Sommati,2
Roma,1
Italian Red Cross,1
Italy.Vi,1
Calabria,1
Bronxs Little Italy,1
SouthKorea,1
Ascoli,1
NORTH ISLAND,1
Auckland,24
New Zealands,22
East Cape,8
north island,1
NZ,132
newzealand,20
northisland,1
auckland,2
NZs,4
Araroa,1
North Island,8
Opotiki,2
AUCKLAND,1
North island,2
Taranaki,1
Adelaide,1
Gisbourne,1
Nz,1
gisborne,1
Gisborne,2
Haitian,2
HAITI,21
Haitis,14
haiti,28
haiti..,2
Les Cayes,7
Haiti.I,1
Haiti/other,1
cuba,1
Haiti/Dominican,1
Haiti..,2
Haiti/Jamaica,1
Cuba-,1
Freeport,1
Cayman,1
European Union,1
Hilo,1
Wailuku,1
Grand-duc-Cavailon,1
ISRAEL,1
OH,2
Floridas eastern,1
Bossier,1
NEW YORK,2
Terre Blanche,1
Anderson County,1
Haiti/Cuba/Bahamas,1
Dame Marie,1
JAMAICA,1
Haiti/Carribean/PPL,1
DominicanRepublic,16
Port Arthur church,1
PORT-AU-PRINCE,1
Jeremie,2
LES CAYES,1
City of Jeremie,1
Haitian city,1
californias,1
Bamberg,1
Calhoun,1
Richland,1
Sumter,1
Hait,1
DAYTONA BEACH,1
South Island,13
Wakefield St,1
central Wellington,1
kaikoura,12
both islands,1
west coast marina,1
nz,3
Kaikoura,157
Christchurch,30
Methven,1
Blenheim,12
Island Bay,1
Chatham Islands,4
south island,1
Lyall Bay,3
Petone,2
Sumner Christchurch,1
Hanmer springs,1
Culverden.#eqnz,1
Queenspark,1
wellington,10
Lower Hutt,7
Heathcote Valley,1
Ngauranga,1
Hamner Springs,1
Kaikoira,1
Oxfords,1
Hutt,1
LyallBay,1
KAIKOURA,1
Evans Bay,1
WA,1
Eastbourne,1
Newzealand,2
Mount Vic,1
Waikanae,2
Marlborough,10
Dunedin,9
New Z,1
Kaikoura/Blenheim,1
Pukekohe,1
Clutha District,1
Maungaraki,1
North Canterbury,3
Leader Road,1
Wakefield Street,1
CHCH,1
WLGN,1
Chatham islands,2
Wellingtons,5
Punawea,1
Tairei Mouth,1
Clutha,1
Wakefield Rd,1
Victoria,8
Linwood College,1
Havelock,2
Hurunui,4
Cheviot,7
Rotherham,1
New Brighton,1
lower North Island,1
Hataitai,1
Picton,6
Queenstown,1
Hornby,1
Mt Lyford,3
Hanmer Springs,2
Redcliffs Christchurch,1
HAWAII,1
Leithfield Beach,1
eqnz,1
Akita,1
Herbertville,1
Napier,2
Kai,1
Nelson,2
Culverden,5
kapiti,1
Banks Peninsula,4
Chathams,1
new Zealand,1
NZs South Island,1
NI,1
eastern coast of the north,1
Parnassus,1
Ferrymead,1
SouthIsland,1
Oaro,1
Waipara,1
Aramoana,1
Otago,3
Katikati,1
newzeland,1
Canterbury-,1
Featherston St,1
Isolated South Island,1
Thomsons Ford Road bridge,1
Tua Marina,1
Wainuiomata,1
Taranaki St,1
Manners St.,1
Courtenay Place,1
Mahakipawa,1
picton,1
Hamiltonnz..,1
"Argentina:6,2",1
Fitzherbert Bridge,1
Bank Peninsula,1
WGTN,1
gales,1
Willis St new World,1
Oriental Beach,1
Seddon,8
Raglan,4
State Highway 1,1
Clarence river,1
Waikawa,1
NEW ZEALAND,2
Pictons High Street,1
Clarence River,5
Waiau,5
Ward,1
Grafton,1
Clarence,1
CLARENCE RIVER,1
Takahanga Marae,1
Kekerengu,1
Huka Falls,1
highway 1,1
Kaiapoi,1
NewZealands,2
Kaikora,1
South Island road & rail,1
Welly,1
Parliament,1
Kaikouras,2
Little Pigeon Bay,1
New Zealandtwo,1
Timaru Harbour,1
Statistics NZs Wlgtn,1
Hutt Valley,1
Port Marlborough,1
Shakespeare Bay,1
Pic,1
Kaikorua,1
Sth Island,1
Molesworth Street,1
Woodend Community Centre,1
New Zealanders,1
Buckley Road,1
WELLINGTON,1
Kia kaha,1
61 Molesworth St,1
14 Wilmers Road,1
Aitken Street,1
Thorndon,1
the South Islands east coast,1
Tennyson Street,1
Ohau Point,1
Malvina,1
kaikora,1
Arrowtown,1
61 Molesworth Street,1
Kairoura,1
SEDDON,1
St John,1
Wellington_NZ,1
Centreport,1
Lyford,1
Kaikōura,1
Ratnapura,7
SriLankan,2
Sri Lankas,4
Sri Lankans,1
Sri lanka,1
TamilEelam,1
Yatagampitiya,1
Kalutara,10
National Roads,1
Srilankans,1
Gampaha,2
Matara,7
Galle,5
Matara city,1
dnkoluwaththa,1
Pitabaddra,1
Millaniya,1
Hanwella,1
Akuressa,2
Bambalapitiya,1
Kollupitiya,1
Ratmalana,1
lka,1
Neluwa,1
SriLanak,1
@SriLanka,1
sri lanka,1
Rathnapura,3
Arya Hospital,1
Mizoram,1
Chittagong,1
Pahiyangala,1
Bulathsinhala,2
Maharagama,1
Nagoda Hospital,1
Colombo Port,1
Rathmalana,1
Sri La,1
us,2
Baddegama,1
Ayagama,2
Chinas,1
Jaffna,2
Kaduwela,1
Elapatha,2
Colombo Port City,1
Battaramulla,1
South Korean,1
Colombo,3
SriLankas,2
Matara District,1
Eheliyagoda,1
Rathnapu,1
Mathugama,1
Rajitha,1
sri Lanka,1
Ponnailai,1
SriLank,1
Choluteca,1
USS Lake,1
Indias,1
Kaluthara,1
SriL,1
Corpus Christi,8
Victoria County,1
Austin/Travis,1
Texans,19
Travis,2
Pasadena,8
Texas-stay,1
Aransas,22
Port Aransas,4
Port OConnor,1
Kings Square apartments,1
Wharton,5
Middlebrook,1
Missouri City,1
Aransas County,1
Bolivar,2
BexarCounty,1
Fulton,1
Cypress,1
Victoria..,1
Buffalo Bayou,1
Oregon.,1
Tx,4
GALVESTON,3
kazen,1
Brazoria,14
Fort Bend,1
Harris,5
Matagorda,4
Travis County,1
Jefferson,3
TEXAS*,2
Austin-TX,1
Brazoria-TX,2
Galveston-TX,2
Liberty County,2
Smithville,5
Channelview,1
East Bernard,1
Montgomery,3
Texas-let,1
Palacios,1
Montrose,1
TEXAS/,1
texasdaniel,1
houston/,1
HarrisCounty,3
NY/NJ,1
Fuqua,1
Manatee,7
Dallas-Fort,2
Bastrop,1
Caldwell,2
Foxlandia,1
SA,1
Bastrop/Caldwell,1
USs,1
San Marcos River,1
Luling,1
MEXICANS,1
Houston/Coastal,1
Norhill,1
HOUSTON,23
Bradenton,2
Houston-Galveston,2
Brazos,4
Texas/United,1
Nederland,1
San Jacinto,1
Kingwood,9
Houstons,38
Harris Co.,1
Williamson County,1
Rosemont,1
texans,1
Silsbee,2
Austin-right,1
Cape Girardeau,1
alaska,1
New Orleans/L.A,1
Houston/TX,1
Hamshire,1
Fort Worth,1
Wilkerson Greines Athletic Center,1
5201 Ca Roberson Blvd,1
TxStateParks,1
Brazoria County,2
Galveston County,3
George R. Brown Convention Center,1
Houstonian,1
Kingsport,1
Washington_Post,1
Buffalo,2
KATRINA,1
Greens Bayou,1
Harvey,1
Austin-area,1
Yoakum,1
Danbury,1
Lake Forest,1
Texasa,1
Northridge,1
Texan,6
NECKLACE,1
houstonchron,8
Salem,1
San Marcos,1
Coastal Bend,1
Port Arthur,7
HoustonBaptistU,1
Rosa,1
Downtown,1
Morgan,1
Morgan City,1
AransasCounty,1
Mikunisushi,1
Banfield Foundation,1
Columbia Lakes,1
Mary,1
Austin Convention Center,1
Sierra Leone,10
Orleans,1
Irving,2
Texas-based,2
Houston/,1
Thermopolis,1
TexasTribune,1
ExxonMobil refineries,1
HoustonDSA,1
TexasCity,1
texas4h,1
PortArthur,18
Baytown,4
Houston..,1
Texas-,2
Grand Rapids-area,1
texasgov,2
Pewaukee,5
Houston/Galveston,1
Beaumont/E,1
TX/SW,1
Noblesville,1
Meyersville,1
Potters House community of churches,1
Montgomery Rd,1
UCLA,1
Houston-raised,1
Atascocita,2
College Station,2
Hathaway,1
LA/TX,1
Houston-Gulf,1
texasbankers,1
League City,1
North Dakotans,1
houstontexas,1
Sugar Land,1
Alameda,1
Crosby,4
Kentuckiana,1
Seven Lakes,1
Cedar Bayou,1
Lake of the Ozarks,1
Texas..,2
Northgate,1
HHouston,1
Texa,1
Kingwood/Humble,1
Jacinto,2
hurricane Harvey,1
Sour Lake,1
Texas—the,1
Quitzau,1
Pakistan..all,1
kashmirtelegraph,1
Beaumont/Port,1
Texarkana,2
Louisiana-Texas,1
Dominic,1
Alpharetta,3
Ridgeville,1
GalvestonIsland,1
Houstonthank,1
Chesapeake,2
Irlandia,1
austin,1
Acadia,1
Stockholm,1
Mizzou,1
Texas.,1
Mankato,1
Grand Isle,1
Texas-Louisiana,1
MX,5
megalopolis,1
lumberton,1
MEXICO,32
Arthur,1
South Asia,1
JeffersonCounty,2
korea,1
japan*,1
texas*,1
Krajewski,1
Melanoma,1
Shelter 3435 Dixie Rd,1
TAMU,2
PORT LAVACA,1
WOODLANDS,1
Meyerland/Houston,1
Leeville,1
UAB Hospital,1
Gulf Healthcare Center,1
River Plantation,1
Conroe,1
City Hall Courtyard,1
Chester/Madison,1
Decatur County,1
Houston/Beaumont,1
Pleasantville,1
Sienna Plantation,1
RichtonPark,1
🇺🇸,1
Whites Creek,1
Cherokee,2
Harris Countys,3
Elm Grove,1
Texas/Louisiana,2
Terry,1
Newton County,1
Seattle-area,1
Cubas,6
BOOKMARK,1
HALLELUJAH,1
Kirkwood,1
Wilcrest,1
@HoustonTX,1
LaGrange,1
N.Y.,1
Beaumont Hospital,1
EdAustin_TX,1
Bend County,1
Melaleuca,1
Idahoans,1
White House,1
TXin,1
Rockland,1
U.S.s,1
Ohio Valley,1
texasparole,1
Kosciusko,2
Visalia,1
First Congregational Church,1
Niagra,1
Iredell,1
texascries,1
Gulfton,1
Texas+,1
Hurricane Harvey,2
Houston-based,1
Valparasio,1
Walker County,1
Mansfield,1
Tex,2
LI,1
Abilene,1
Peach County,1
Huston,1
Stark County,1
Calcasieu,1
BrazoriaCounty,1
Brazos River,1
Houston/Tampa,1
TEXASGP,1
Purdue,1
HoustonTX,1
Malabar,1
Norfolk-based,1
Americas,1
Benzinga,1
Monsanto,1
HoUSton,1
Denton,1
Houst,1
Arkema Chemical Plant,1
TexasZoo,1
montana,1
Moscow,1
Andamans,1
TXs,1
Cameroon,1
Okinawa,1
Nigerian,2
Makurdi,6
sarahlimanya,1
StMartin,12
North Bay,1
India/Nepal/Bangladesh,1
PR/FL,1
Niagara County,1
Sierra,1
NRG Park,1
Waterford,1
The Spartanburg School District,1
NC..,1
Culebra,5
Culebra/Vieques,1
Amalie,1
Assam.Once,1
Tunisia,1
Pittsburg,1
Totland Bay,1
Okanagan,1
Jammu-Srinagar,1
SAN JUAN,2
Puerto Rico~,1
St Martin,8
Barbudas,8
St. Martin,18
SaintMartin,4
Carribean,8
Salamanca,1
Tortola,12
Bentonville,1
Talladega,4
St Maarten,4
Saint-Martin,1
Saint Martin,14
Saint Barthelemy,1
East Bay,1
Caribbean islands,6
Tampabay,1
the Caribbean,4
Guadeloupe/ABC,1
Anguilla,19
BARBUDA,1
Monroe County,3
French Islands,1
St. Barts,1
Sint Maarten,1
St. Barthelemy,1
New Yorks,1
Florida~,1
Antigua & Barbuda,1
Baldwin County,1
StThomas,5
Collier,2
St. Barths,1
Barbudan,1
-North Korea,1
ST Martin,1
BREVARD COUNTY,1
Anguillan,1
Duval,1
US Virgin Islands,8
St. John,2
Okaloosa,1
UK-based,1
Sonesta Guests,1
St. Maarten,8
USS,1
MIAMI-,1
LeonCounty,1
Coral Springs,5
Cayman Compass,1
Manatee County,2
Sarasota-Manatee,1
Caracas,1
St Barts,1
Ft. Lauderdale,2
Brownsville,1
Liberty Magnet,1
Havana,18
137 Ave SW 30th Street,1
NassauCounty,1
Desoto County,1
Germain Arena,1
Appalachia,1
Sunny Isles Beach,1
Bahamas..the,1
Cuba..,1
St. Petersburg,5
Coconut,1
Rosen Hotels & Resorts,1
Koksalakn,1
Palm Bay,1
Mar-a-Lago Resort,1
Marco Island,2
Flooded roads,1
Cubans,1
302 Magnolia Street West. 8,1
Marcos Island,1
Hotel Orlando Airport,1
Necker Island,1
Bradford County,2
Frankfort,1
VictoriaPark,1
Collier Co.,1
Anna Maria City,1
Medical University of South Carolina,1
College Park,1
Caribbean Islands,3
Auburndale,1
usvirginislands,2
Calhoun County,1
Key West,4
Altanta,1
Weingarten,1
marcoisland,2
CapitolHill,1
Caribbean Luxury Resort,1
Boca-area,1
Clayton County,1
BerkeleyCounty,1
Bloomington,2
Jacksonville-area,1
Floridians assess,3
BVI island,1
BVI,1
Goodland,1
Lehigh Acres,1
Wekiva,1
Gibraltar,3
Augusta,1
ISLAMORADA,1
Valencia,1
KeyWest,2
Harris County-Houston,1
Florida..we,1
Statesboro,1
French Antilles,2
FloridaKeys,1
Marlins Park,1
Lee,2
Oaxacan,1
UKs,2
Chiapas,6
Oaxaca,34
MEX,2
the Caribbean islands,1
Virgin Isles,1
Milan,1
UF football stadium,1
Mendocino,1
Monroe Co.,1
Alachua County,3
PA.,1
Salamis,1
island of Cyprus,1
MonroeCounty,3
Leeds,1
Pearisburg,1
Assam-,1
Johnstown,3
Hollywood Hills,1
Virginia/West,1
Sims Auto Park,1
Lemmon Valley,1
Sierra Leonean,1
DeKalb Schools,1
Tuscany,1
Marathon Airport,1
Constantinople,1
Santa Fe River,3
Farad,1
VA/WV,1
Giles County,1
Miami-area,1
USVirginIslands,5
Tarapaca,1
Pasco,1
Kokomo,1
Tokyo,2
Gippsland,1
Hernando,1
ClayCounty,1
"High Springs Memorial Park, 17380 N.W. US Hwy 441",1
St. Thomas,1
Bayou City,1
Polks cities,1
Malda,1
Patanjali,1
Virgin Islands/Puerto,1
Hill n Dale,1
Malkajgiri,1
Manila,1
Bunnell Evac center,1
Cattaraugus,1
Chautauqua,1
BajaCalifornia,1
Margate,1
Jekyll Island,1
Virginia-West,1
Varadero,1
Cayo Coco,1
Beechville-based,1
Nassau county,1
Black Creek,1
Habersham,1
Middleburg,2
Liberia,5
MIAMI-DADE,1
Floirda,1
TurksandCaicos,1
Fort Myers,3
Monongahela,1
SanJose,1
Seminole,1
SeminoleCounty,1
Buenos Aires,1
ClarendonCounty,1
Bangkok,1
9880 W Sample,1
Perry,1
Trinity Church,1
Apopka,1
FL.,1
México,10
Palmetto,1
St. Johns River,1
Garfield County,2
Hillsborough County,2
usvi,3
Aqua Bistro,1
StJohn,1
ST. CROIX,1
Glades,1
SanMarco,1
Santa Fe,2
Coconino,1
Newcastle,1
Immokalee,1
U.S/French,1
Lakeland,2
Itasca,1
TRINIDAD Y TOBAGO,1
Penang,1
Kalaburgi,1
Easter Island,1
Mohave,1
East Foothills,1
Kona,1
Sicily,1
jakarta,1
Central Region,1
Folly Beach,1
BASS LAKE,1
India.make,1
COLORADO,1
Thomas,1
Callahan,1
oaxaca,1
Davis County,1
orlandomagic,1
The Caribbean,1
Satilla River,1
Atkinson,1
Democratic Republic,1
volcano crater,1
punani,1
Chiapa,1
Bahamas/Ft,1
2099 Adams Ln,1
StMaarten,1
Karangasem,1
Columbia Counties,1
barbuda,2
Gatorama,1
Latrobe,1
Union County,1
Bradford,1
Obriens,1
Brandon,1
Korea/terror,1
Essex,1
Middlesex,1
Coral Gables,1
W. Magnolia St.,1
Lebanon,1
FLORIDIANS,1
Northwesterm Marion,1
Georgia..,1
Ware,1
Lake Butler,1
Pittsburgh-Area,1
St. Petersburgs,1
Ross Norton Recreational Center,1
America*,1
Barbudans,1
NationalParks,1
Floridas state parks,1
US Virgin,1
Sebring Airport,1
Cayman Islands,1
Monmouth County,1
Riverstone,1
Tortougas,1
St. Croix Hometown,1
ElBanyan,1
Key Largo,1
Chiles,1
165 N. Grove Street,1
Stlouis,1
@PalmBeachZoo,1
mexicocity,2
MexicoCity,22
Puebla,12
Colegio Enrique Rebsamen,1
dominica,8
SanJuan,21
Arecibo,33
Mexico´s,1
CDMX,8
Puerto Rico..and,1
St. Croix,5
Vieques,2
Del Valle,1
Benito Juárez,1
἟5἟7 Virgin Islands,1
Morelos,15
Puerto Rio,1
Rios Cana,1
Mexico-,1
Puerto Rico-,2
MEXICOCITYEARTHQUAKE,1
Antigua and Barbuda,1
Chapultepec,1
Mexico Citys,3
South Caicos,1
Puertorico,3
Guayama,5
Canóvanas,1
Guadalajara,2
La Condesa,1
South of the island,1
French,2
Malala,1
PHILIPPINES,1
mexico.ὠ7,1
U.S.V.I,2
Miami-Based,1
PuertoRi,1
Caribbean Basin,1
Texcoco,1
Laredo,1
Mexico city,2
yokotaro,1
North Jersey,1
Chimalpopoca,1
Puerto RicoὉ9἟5἟7,1
Dominca,3
San Juan Bay,1
MEXICOs,1
Bayamon,3
Dominicana,1
LA County,1
european_clique,1
yessica,1
Yabucoa,7
Dominicas,2
THE NEW YORK TIMES,1
TIGERweb,1
Turks & Caicos Islands,1
Guajataca,11
Turks,1
Hazleton,1
Guaynabo,1
Saint John Parish,1
caribeisland,1
Puero Rico,1
Añasco,1
puerto rico,4
MEXICO CITY,2
Aibonito,2
PuertoRicos,13
Haitien,1
Hackney,1
PuertoRicoMaria,2
Guajataca Dam,1
StCroix,1
Mexico.Links,1
Cohetzala,1
Hurricane Maria,1
Isabella,1
Quebradillas,2
Maunabo,1
Coyoacan,1
puertoricounited,1
St Croix,3
Trinidad,1
Chimalpopoca textile factory,1
Ocean Park,1
PuertoRicoPUR,7
Tinkyada,1
PuertRico,2
Ceiba,3
Loíza,3
usa_sport_today,1
PuertoRican,3
Coamo,1
Camuy,1
Lake Guajataca,1
PR-our,1
Arecibos,1
SanLorenzo,2
Porto Rico,2
ViequesUSA,2
Tlayacapan,1
Dominican,5
Paredon,1
USVI,2
NYCMayor,1
Mx,2
Virgin Island,1
MEXICOS,1
guayama,1
Aricibo,1
STCroix,1
DominicaStrong,2
Lopez,1
US Virgin Island,1
dominia,1
EdoMex,1
Guerrero,1
Mexico City Airport,1
mexicoὢ3,1
❤️἟5἟7❤️PUERTO RICO❣️WE,1
Puerto Rico—noting,1
❤️἟5἟7❤️PUERTO RICO,1
Jojutla,2
Loiza,1
Puerto Ricans,8
Hatillo,1
Tlaquiltenango,1
HelpPuertoRico,3
Jungipad,1
CHIAPAS,1
Fajardo,2
Mexico἟2἟D,1
Ocracoke Island,2
Caribbean island,2
Outer Banks of NC,1
PeurtoRico,1
Delmarva,1
Puerteo Ricos,1
Barrio Pasto,1
N. CAROLINA,1
PortoRico,2
USA-We,1
Hatteras,2
Adjuntas,1
Turks and Caicos,2
Puerto Rico.,1
Izucar de Matamoros,1
Puerto Ricoalready,1
mexico city,1
DOMINICA,4
Pico Arena,1
P.R.,3
Mexico.,1
PuertoRico..,1
Bushwick,1
Trenton-area,1
Atzitzihuacan,1
Bali,1
Mexico City..,1
Naranjito,2
Barranquitas,2
West Seattle,1
CayoSantiago,2
North Carolina/Virginia,1
USPuertoRico,1
PuertoRico-,2
River Yuna,1
Taunton,1
Cataño,1
Cape Hatteras,1
United States of America,1
Square Park,1
Utuado,7
Puerto Rico.Every,1
Kalamazoo,1
La Galarza,1
JSEllenberg,1
PuertoRic,2
Puerto Ricotime,1
Arguably the Americans,1
Puerto Rico/USVI-where,1
CaribbeanCounci,1
Aguadilla,3
Carribeans,1
Waterbury,1
HUH὏A὏A,1
HelpPuertoRicoNOW,1
Louisianans,2
Montclair,1
Tetela del Volcan,1
ocracoke,1
Dominica-,1
PuertoRico἟5἟7,1
Chicopee church,1
USA/Trump,1
NorthBeach,1
Trujillo,1
Newfoundland,1
Centerville,1
@PuertoRico,1
Ronkonkoma,1
Lehigh,1
Kissimmee_FL,1
VirginIslands,2
PuertoPlata,1
purtorico,1
Brunei,1
Tuition,1
NewYork-,1
Cuernavaca,1
580 66th St,1
Colorado-based,1
forPuertoRico,1
Ἑ8Ὢ8PUERTO RICO,1
U.S.A,1
Lackawanna,1
Hmland,1
PuertoRicoRelief,1
PuertoRicoStrong,2
TUUUUUNA,1
Ixtepec,1
Copthall,1
Staten Island,1
Melrose St,1
Buchwick & Broadway,1
Saint Croix St,1
LIUNA,1
ElYunque,1
Spivak Foundation,1
San Pedro,1
Maplewood,1
Durant Road Middle School,1
ST THOMAS,1
US embassy,1
Ὢ8἟5἟7PUERTO RICO,1
Long Island,1
Maarten,1
PuertoRicoRe,1
mañana,1
DOMINICA-WEATHER-Dominica,1
PuertoRico἟5἟7἟A἟8,1
BORICUA,1
Puerto Rico..Ships,1
SanJuanMayor,5
San Juan+,1
Juchitan,1
Dominica἞9἟2,1
἟2἟DMexico D.F.,1
puerti,1
PUERTORICO,1
sacramento,1
San Lorenzo,1
Kalinago,1
Island of Vieques,1
U.S. Virgin Islands,2
PR island of Vieques,1
Comerio,2
Ponce,2
Peñuelas,1
Cabo Rojo,1
Guanica,1
FtBraggNC,1
Puerto RIco,1
ISLANDS,1
PuertoRicoCrisis,1
Tampa Bay..,1
Bronx,1
Catholic Charities of Central Florida,1
Sunset Park,1
Utudao,1
MuayThai,1
Salvador,1
SaintCroix,1
Puerto Riqueños,1
SanSebastian,1
PuertoRicans,1
JackPosobiec,1
communism,1
small US,1
Peurto,1
Mauldin,1
625 H Street,1
Dominican Island,1
Chicago-hardly,1
Vega Alta,1
Mexico.ἰD,1
SunsetPark,1
parxcasino,1
Dominicans,1
Pekolachi,1
Puerto Rico.Proud,1
LosTopos,1
Hermosillo,1
IlIMGWVIlI,1
Puerto Ric,1
Mandalay,1
PUERTO RICAN,1
Coatetelco,1
Miacatlan,1
Queens Park,1
Yabacoa,1
Naguabo,1
Puerto Ri,1
ENGLAND,1
Lima,1
Sabana Grande,1
PuertoRicos἟5἟7,1
LasVega,1
Israels,1
